params,impl,cycles,end,end_fpss,fpss_avg_fpu_latency,fpss_avg_load_latency,fpss_fpu_issues,fpss_fpu_latency,fpss_fpu_occupancy,fpss_fpu_rel_occupancy,fpss_issues,fpss_load_latency,fpss_loads,fpss_occupancy,fpss_section_latency,fseq_fpu_yield,fseq_yield,snitch_avg_load_latency,snitch_fseq_offloads,snitch_fseq_rel_offloads,snitch_issues,snitch_load_latency,snitch_loads,snitch_occupancy,start,tend,total_ipc,tstart,fpss_fpu_fmadd_issues
4x4x4xf64,snitch_stream,216,987,984,2.953846153846154,0,65,192,0.3009259259259259,0.9701492537313432,67,0,0,0.3101851851851852,0,1.2181818181818185,1.2181818181818185,0,55,0.4867256637168141,58,0,0,0.2685185185185185,772,0.0,0.5787037037037037,0.0,48
4x4x8xf64,snitch_stream,259,1017,1014,2.976744186046512,0,129,384,0.4980694980694981,0.9847328244274808,131,0,0,0.5057915057915058,0,1.2242990654205608,1.2242990654205608,0,107,0.6149425287356322,67,0,0,0.2586872586872586,759,0.0,0.7644787644787645,0.0,96
4x8x4xf64,snitch_stream,264,1037,1033,2.976744186046512,0,129,384,0.4886363636363636,0.9847328244274808,131,0,0,0.4962121212121212,0,2.381818181818182,2.381818181818182,0,55,0.4867256637168141,58,0,0,0.2196969696969697,774,0.0,0.7159090909090909,0.0,112
4x8x8xf64,snitch_stream,390,1148,1144,2.988326848249028,0,257,768,0.658974358974359,0.9922779922779924,259,0,0,0.6641025641025641,0,2.420560747663551,2.420560747663552,0,107,0.6149425287356322,67,0,0,0.1717948717948718,759,0.0,0.8358974358974358,0.0,224
8x4x4xf64,snitch_stream,257,1036,1033,2.976744186046512,0,129,384,0.5019455252918288,0.9847328244274808,131,0,0,0.5097276264591439,0,1.2242990654205608,1.2242990654205608,0,107,0.622093023255814,65,0,0,0.2529182879377432,780,0.0,0.7626459143968871,0.0,96
8x4x8xf64,snitch_stream,389,1152,1148,2.988326848249028,0,257,768,0.6606683804627249,0.9922779922779924,259,0,0,0.6658097686375322,0,1.2274881516587677,1.2274881516587677,0,211,0.717687074829932,83,0,0,0.2133676092544987,764,0.0,0.8791773778920309,0.0,192
8x8x4xf64,snitch_stream,378,1159,1155,2.988326848249028,0,257,768,0.6798941798941799,0.9922779922779924,259,0,0,0.6851851851851852,0,2.420560747663551,2.420560747663552,0,107,0.622093023255814,65,0,0,0.1719576719576719,782,0.0,0.8571428571428572,0.0,224
8x8x8xf64,snitch_stream,656,1425,1421,2.9941520467836256,0,513,1536,0.7820121951219512,0.996116504854369,515,0,0,0.7850609756097561,0,2.4407582938388623,2.440758293838863,0,211,0.717687074829932,83,0,0,0.1265243902439024,770,0.0,0.9115853658536586,0.0,448
