params,impl,cycles,end,end_fpss,fpss_avg_fpu_latency,fpss_avg_load_latency,fpss_fpu_issues,fpss_fpu_latency,fpss_fpu_occupancy,fpss_fpu_rel_occupancy,fpss_issues,fpss_load_latency,fpss_loads,fpss_occupancy,fpss_section_latency,fseq_fpu_yield,fseq_yield,snitch_avg_load_latency,snitch_fseq_offloads,snitch_fseq_rel_offloads,snitch_issues,snitch_load_latency,snitch_loads,snitch_occupancy,start,tend,total_ipc,tstart,fpss_fpu_fmadd_issues
4x4x4xf64,snitch_stream,204,975,972,2.953846153846154,0,65,192,0.3186274509803921,0.9701492537313432,67,0,0,0.3284313725490196,0,1.2181818181818185,1.2181818181818185,0,55,0.4910714285714285,57,0,0,0.2794117647058823,772,0.0,0.607843137254902,0.0,48
4x4x8xf64,snitch_stream,251,1033,1030,2.976744186046512,0,129,384,0.5139442231075697,0.9847328244274808,131,0,0,0.5219123505976095,0,1.2242990654205608,1.2242990654205608,0,107,0.6149425287356322,67,0,0,0.2669322709163346,783,0.0,0.7888446215139442,0.0,96
4x8x4xf64,snitch_stream,252,1025,1021,2.976744186046512,0,129,384,0.5119047619047619,0.9847328244274808,131,0,0,0.5198412698412699,0,2.381818181818182,2.381818181818182,0,55,0.4910714285714285,57,0,0,0.2261904761904762,774,0.0,0.746031746031746,0.0,112
4x8x8xf64,snitch_stream,382,1164,1160,2.988326848249028,0,257,768,0.6727748691099477,0.9922779922779924,259,0,0,0.6780104712041884,0,2.420560747663551,2.420560747663552,0,107,0.6149425287356322,67,0,0,0.175392670157068,783,0.0,0.8534031413612565,0.0,224
8x4x4xf64,snitch_stream,264,1041,1038,2.976744186046512,0,129,384,0.4886363636363636,0.9847328244274808,131,0,0,0.4962121212121212,0,1.2242990654205608,1.2242990654205608,0,107,0.622093023255814,65,0,0,0.2462121212121212,778,0.0,0.7424242424242424,0.0,96
8x4x8xf64,snitch_stream,381,1168,1164,2.988326848249028,0,257,768,0.6745406824146981,0.9922779922779924,259,0,0,0.6797900262467191,0,1.2274881516587677,1.2274881516587677,0,211,0.717687074829932,83,0,0,0.2178477690288714,788,0.0,0.8976377952755905,0.0,192
8x8x4xf64,snitch_stream,385,1167,1163,2.988326848249028,0,257,768,0.6675324675324675,0.9922779922779924,259,0,0,0.6727272727272727,0,2.420560747663551,2.420560747663552,0,107,0.622093023255814,65,0,0,0.1688311688311688,783,0.0,0.8415584415584416,0.0,224
8x8x8xf64,snitch_stream,648,1436,1432,2.9941520467836256,0,513,1536,0.7916666666666666,0.996116504854369,515,0,0,0.7947530864197531,0,2.4407582938388623,2.440758293838863,0,211,0.717687074829932,83,0,0,0.1280864197530864,789,0.0,0.9228395061728396,0.0,448
