params,impl,tstart,start,snitch_issues,snitch_fseq_offloads,end_fpss,fpss_issues,fpss_stores,fpss_loads,fpss_load_latency,fpss_fpu_issues,fpss_fpu_latency,tend,end,snitch_load_latency,snitch_loads,snitch_avg_load_latency,snitch_occupancy,snitch_fseq_rel_offloads,fseq_yield,fseq_fpu_yield,fpss_section_latency,fpss_avg_fpu_latency,fpss_avg_load_latency,fpss_occupancy,fpss_fpu_occupancy,fpss_fpu_rel_occupancy,cycles,total_ipc,snitch_stores
8x8xf64,baseline,0.0,755,44,1106,3269,1106,118.0,476,475,508,1536,0.0,3241,0,0,0.0,0.0174950298210735,0.9617391304347828,1.0,1.0,28,3.0236220472440944,0.9978991596638656,0.4397614314115308,0.2019880715705765,0.4593128390596745,2515,0.4572564612326043,
8x8xf64,linalg,0.0,754,265,1179,3576,1179,119.0,548,587,512,1536,0.0,3565,15,5,3.0,0.093871767623096,0.8164819944598338,1.0,1.0,11,3.0,1.0711678832116789,0.4176408076514346,0.1813673397095288,0.4342663273960984,2823,0.5115125752745306,133.0
8x8xf64,snitch_stream,0.0,736,175,259,3071,643,,0,0,586,1665,0.0,2879,0,0,0.0,0.0749143835616438,0.5967741935483871,2.4826254826254828,2.4826254826254823,192,2.841296928327645,0.0,0.2752568493150685,0.2508561643835616,0.911353032659409,2336,0.3501712328767123,
8x8xf64,snrt,0.0,741,31,259,3063,643,,0,0,585,1665,0.0,2869,0,0,0.0,0.0133448127421437,0.8931034482758621,2.4826254826254828,2.4826254826254828,194,2.8461538461538463,0.0,0.2767972449418855,0.2518295307791648,0.9097978227060654,2323,0.2901420576840293,
