params,impl,cycles,end,end_fpss,fpss_avg_fpu_latency,fpss_avg_load_latency,fpss_fpu_issues,fpss_fpu_latency,fpss_fpu_occupancy,fpss_fpu_rel_occupancy,fpss_issues,fpss_load_latency,fpss_loads,fpss_occupancy,fpss_section_latency,fseq_fpu_yield,fseq_yield,snitch_avg_load_latency,snitch_fseq_offloads,snitch_fseq_rel_offloads,snitch_issues,snitch_load_latency,snitch_loads,snitch_occupancy,start,tend,total_ipc,tstart
4x4x4xf64,snitch_stream,207,948,945,2.953846153846154,0,65,192,0.3140096618357488,0.9701492537313432,67,0,0,0.323671497584541,0,1.2181818181818185,1.2181818181818185,0,55,0.4867256637168141,58,0,0,0.2801932367149758,742,0.0,0.6038647342995169,0.0
4x4x8xf64,snitch_stream,251,999,996,2.976744186046512,0,129,384,0.5139442231075697,0.9847328244274808,131,0,0,0.5219123505976095,0,1.2242990654205608,1.2242990654205608,0,107,0.6149425287356322,67,0,0,0.2669322709163346,749,0.0,0.7888446215139442,0.0
4x8x4xf64,snitch_stream,255,998,994,2.976744186046512,0,129,384,0.5058823529411764,0.9847328244274808,131,0,0,0.5137254901960784,0,2.381818181818182,2.381818181818182,0,55,0.4867256637168141,58,0,0,0.2274509803921568,744,0.0,0.7411764705882352,0.0
4x8x8xf64,snitch_stream,382,1130,1126,2.988326848249028,0,257,768,0.6727748691099477,0.9922779922779924,259,0,0,0.6780104712041884,0,2.420560747663551,2.420560747663552,0,107,0.6149425287356322,67,0,0,0.175392670157068,749,0.0,0.8534031413612565,0.0
8x4x4xf64,snitch_stream,265,1010,1007,2.976744186046512,0,129,384,0.4867924528301887,0.9847328244274808,131,0,0,0.4943396226415094,0,1.2242990654205608,1.2242990654205608,0,107,0.622093023255814,65,0,0,0.2452830188679245,746,0.0,0.739622641509434,0.0
8x4x8xf64,snitch_stream,381,1129,1125,2.988326848249028,0,257,768,0.6745406824146981,0.9922779922779924,259,0,0,0.6797900262467191,0,1.2274881516587677,1.2274881516587677,0,211,0.717687074829932,83,0,0,0.2178477690288714,749,0.0,0.8976377952755905,0.0
8x8x4xf64,snitch_stream,386,1133,1129,2.988326848249028,0,257,768,0.6658031088082902,0.9922779922779924,259,0,0,0.6709844559585493,0,2.420560747663551,2.420560747663552,0,107,0.622093023255814,65,0,0,0.1683937823834196,748,0.0,0.839378238341969,0.0
8x8x8xf64,snitch_stream,648,1402,1398,2.9941520467836256,0,513,1536,0.7916666666666666,0.996116504854369,515,0,0,0.7947530864197531,0,2.4407582938388623,2.440758293838863,0,211,0.717687074829932,83,0,0,0.1280864197530864,755,0.0,0.9228395061728396,0.0
