params,impl,cycles,end,end_fpss,fpss_avg_fpu_latency,fpss_avg_load_latency,fpss_fpu_issues,fpss_fpu_latency,fpss_fpu_occupancy,fpss_fpu_rel_occupancy,fpss_issues,fpss_load_latency,fpss_loads,fpss_occupancy,fpss_section_latency,fseq_fpu_yield,fseq_yield,snitch_avg_load_latency,snitch_fseq_offloads,snitch_fseq_rel_offloads,snitch_issues,snitch_load_latency,snitch_loads,snitch_occupancy,start,tend,total_ipc,tstart
4x4x4xf64,snitch_stream,207,948,945,2.953846153846154,0,65,192,0.3140096618357488,0.9701492537313432,67,0,0,0.323671497584541,0,1.2181818181818185,1.2181818181818185,0,55,0.4867256637168141,58,0,0,0.2801932367149758,742,0.0,0.6038647342995169,0.0
4x8x4xf64,snitch_stream,255,998,994,2.976744186046512,0,129,384,0.5058823529411764,0.9847328244274808,131,0,0,0.5137254901960784,0,2.381818181818182,2.381818181818182,0,55,0.4867256637168141,58,0,0,0.2274509803921568,744,0.0,0.7411764705882352,0.0
4x12x4xf64,snitch_stream,320,1065,1061,2.9844559585492227,0,193,576,0.603125,0.9897435897435898,195,0,0,0.609375,0,3.5454545454545454,3.5454545454545454,0,55,0.4867256637168141,58,0,0,0.18125,746,0.0,0.790625,0.0
8x8x8xf64,snitch_stream,648,1402,1398,2.9941520467836256,0,513,1536,0.7916666666666666,0.996116504854369,515,0,0,0.7947530864197531,0,2.4407582938388623,2.440758293838863,0,211,0.717687074829932,83,0,0,0.1280864197530864,755,0.0,0.9228395061728396,0.0
4x20x4xf64,snitch_stream,455,1210,1206,2.9906542056074765,0,321,960,0.7054945054945055,0.9938080495356038,323,0,0,0.7098901098901099,0,5.872727272727272,5.872727272727273,0,55,0.4867256637168141,58,0,0,0.1274725274725274,756,0.0,0.8373626373626374,0.0
