params,impl,cycles,end,end_fpss,fpss_avg_fpu_latency,fpss_avg_load_latency,fpss_fpu_issues,fpss_fpu_latency,fpss_fpu_occupancy,fpss_fpu_rel_occupancy,fpss_issues,fpss_load_latency,fpss_loads,fpss_occupancy,fpss_section_latency,fpss_stores,fseq_fpu_yield,fseq_yield,snitch_avg_load_latency,snitch_fseq_offloads,snitch_fseq_rel_offloads,snitch_issues,snitch_load_latency,snitch_loads,snitch_occupancy,start,tend,total_ipc,tstart,snitch_stores
8x8xf64,baseline,2522,3277,3274,2.9941520467836256,1.0,513,1536,0.2034099920697858,0.4634146341463415,1107,476,476,0.4389373513084853,0,118.0,1.0,1.0,0.0,1107,0.9609375,45,0,0,0.0178429817605075,756,0.0,0.4567803330689928,0.0,
8x8xf64,linalg,2827,3560,3557,2.9941520467836256,1.072992700729927,513,1536,0.1814644499469402,0.4347457627118644,1180,588,548,0.4174036080650866,0,119.0,1.0,1.0,3.0,1180,0.8160442600276625,266,15,5,0.0940926777502653,734,0.0,0.5114962858153519,0.0,133.0
8x8xf64,snitch_stream,2339,3083,3080,2.593457943925233,0.0,642,1665,0.2744762719110731,0.9968944099378882,644,0,0,0.2753313381787088,0,,2.476923076923077,2.476923076923077,0.0,260,0.5963302752293578,176,0,0,0.0752458315519452,745,0.0,0.3505771697306541,0.0,
8x8xf64,snrt,2337,3082,3079,2.593457943925233,0.0,642,1665,0.2747111681643132,0.9968944099378882,644,0,0,0.2755669661959777,0,,2.476923076923077,2.476923076923077,0.0,260,0.8904109589041096,32,0,0,0.0136927685066324,746,0.0,0.2892597347026102,0.0,
