params,impl,cycles,end,end_fpss,fpss_avg_fpu_latency,fpss_avg_load_latency,fpss_fpu_issues,fpss_fpu_latency,fpss_fpu_occupancy,fpss_fpu_rel_occupancy,fpss_issues,fpss_load_latency,fpss_loads,fpss_occupancy,fpss_section_latency,fpss_stores,fseq_fpu_yield,fseq_yield,snitch_avg_load_latency,snitch_fseq_offloads,snitch_fseq_rel_offloads,snitch_issues,snitch_load_latency,snitch_loads,snitch_occupancy,start,tend,total_ipc,tstart,snitch_stores
8x8xf64,baseline,2515,3241,3269,3.0236220472440944,0.9978991596638656,508,1536,0.2019880715705765,0.4593128390596745,1106,475,476,0.4397614314115308,28,118.0,1.0,1.0,0.0,1106,0.9617391304347828,44,0,0,0.0174950298210735,755,0.0,0.4572564612326043,0.0,
8x8xf64,linalg,2823,3565,3576,3.0,1.0711678832116789,512,1536,0.1813673397095288,0.4342663273960984,1179,587,548,0.4176408076514346,11,119.0,1.0,1.0,3.0,1179,0.8164819944598338,265,15,5,0.093871767623096,754,0.0,0.5115125752745306,0.0,133.0
8x8xf64,snitch_stream,2336,2879,3071,2.841296928327645,0.0,586,1665,0.2508561643835616,0.911353032659409,643,0,0,0.2752568493150685,192,,2.4826254826254823,2.4826254826254828,0.0,259,0.5967741935483871,175,0,0,0.0749143835616438,736,0.0,0.3501712328767123,0.0,
8x8xf64,snrt,2323,2869,3063,2.8461538461538463,0.0,585,1665,0.2518295307791648,0.9097978227060654,643,0,0,0.2767972449418855,194,,2.4826254826254828,2.4826254826254828,0.0,259,0.8931034482758621,31,0,0,0.0133448127421437,741,0.0,0.2901420576840293,0.0,
