params,tests,tstart,start,snitch_issues,snitch_fseq_offloads,end_fpss,fpss_issues,fpss_stores,fpss_loads,fpss_load_latency,fpss_fpu_issues,fpss_fpu_latency,tend,end,snitch_load_latency,snitch_loads,snitch_avg_load_latency,snitch_occupancy,snitch_fseq_rel_offloads,fseq_yield,fseq_fpu_yield,fpss_section_latency,fpss_avg_fpu_latency,fpss_avg_load_latency,fpss_occupancy,fpss_fpu_occupancy,fpss_fpu_rel_occupancy,cycles,total_ipc
8x8xf64,baseline,0.0,754,44,1179,3315,1179,119,548,588,507,1536,0.0,3285,0,0,0,0.01717408274785324,0.964022894521668,1.0,1.0,30,3.029585798816568,1.072992700729927,0.4601873536299766,0.19789227166276346,0.4300254452926209,2562,0.47736143637782985
8x8xf64,linalg,0.0,754,44,1179,3313,1179,119,548,587,507,1536,0.0,3283,0,0,0,0.0171875,0.964022894521668,1.0,1.0,30,3.029585798816568,1.0711678832116789,0.460546875,0.198046875,0.4300254452926209,2560,0.47773437500000004
8x8xf64,snitch_stream,0.0,754,230,258,3086,642,64,64,468,1536,64,0.0,2894,0,0,0,0.09858551221603086,0.5286885245901639,2.488372093023256,2.488372093023256,192,3.282051282051282,1.0,0.27518216888126873,0.20060008572653237,0.7289719626168224,2333,0.3737676810972996
8x8xf64,snrt,0.0,736,108,258,3039,642,64,64,468,1536,64,0.0,2847,0,0,0,0.046875,0.7049180327868853,2.488372093023256,2.488372093023256,192,3.282051282051282,1.0,0.2786458333333333,0.203125,0.7289719626168224,2304,0.3255208333333333
8x8xf64,scf_xdsl,0.0,755,6885,1664,14340,1664,1088,1088,512,1536,64,0.0,14356,0,0,0,0.5061755624172916,0.19464264826295474,1.0,1.0,0,3.0,1.0,0.12233495074253786,0.03764152330539627,0.3076923076923077,13602,0.6285105131598294
