params,impl,cycles,end,end_fpss,fpss_avg_fpu_latency,fpss_avg_load_latency,fpss_fpu_issues,fpss_fpu_latency,fpss_fpu_occupancy,fpss_fpu_rel_occupancy,fpss_issues,fpss_load_latency,fpss_loads,fpss_occupancy,fpss_section_latency,fpss_stores,fseq_fpu_yield,fseq_yield,snitch_avg_load_latency,snitch_fseq_offloads,snitch_fseq_rel_offloads,snitch_issues,snitch_load_latency,snitch_loads,snitch_occupancy,start,tend,total_ipc,tstart,snitch_stores
8x8x8xf64,baseline,2517,3262,3259,2.9941520467836256,1.0,513,1536,0.2038140643623361,0.4634146341463415,1107,476,476,0.4398092967818832,0,118.0,1.0,1.0,0.0,1107,0.9609375,45,0,0,0.0178784266984505,746,0.0,0.4576877234803337,0.0,
8x8x8xf64,linalg,2829,3579,3576,2.9941520467836256,1.072992700729927,513,1536,0.1813361611876988,0.4347457627118644,1180,588,548,0.4171085189112761,0,119.0,1.0,1.0,3.0,1180,0.8160442600276625,266,15,5,0.0940261576528808,751,0.0,0.511134676564157,0.0,133.0
8x8x8xf64,snitch_stream,648,1402,1398,2.9941520467836256,0.0,513,1536,0.7916666666666666,0.996116504854369,515,0,0,0.7947530864197531,0,,2.4407582938388623,2.440758293838863,0.0,211,0.717687074829932,83,0,0,0.1280864197530864,755,0.0,0.9228395061728396,0.0,
8x8x8xf64,snrt,2325,3075,3072,2.593457943925233,0.0,642,1665,0.2761290322580645,0.9968944099378882,644,0,0,0.2769892473118279,0,,2.476923076923077,2.476923076923077,0.0,260,0.8904109589041096,32,0,0,0.013763440860215,751,0.0,0.290752688172043,0.0,
4x4x4xf64,snitch_stream,207,948,945,2.953846153846154,0.0,65,192,0.3140096618357488,0.9701492537313432,67,0,0,0.323671497584541,0,,1.2181818181818185,1.2181818181818185,0.0,55,0.4867256637168141,58,0,0,0.2801932367149758,742,0.0,0.6038647342995169,0.0,
