params,impl,cycles,end,end_fpss,fpss_avg_fpu_latency,fpss_avg_load_latency,fpss_fpu_issues,fpss_fpu_latency,fpss_fpu_occupancy,fpss_fpu_rel_occupancy,fpss_issues,fpss_load_latency,fpss_loads,fpss_occupancy,fpss_section_latency,fpss_stores,fseq_fpu_yield,fseq_yield,snitch_avg_load_latency,snitch_fseq_offloads,snitch_fseq_rel_offloads,snitch_issues,snitch_load_latency,snitch_loads,snitch_occupancy,start,tend,total_ipc,tstart,fpss_fpu_fmadd_issues,snitch_stores
1x1x16x16xf64,baseline,1710,2438,2435,2.992366412213741,1.0444444444444445,393,1176,0.2298245614035087,0.5191545574636723,757,329,315,0.4426900584795322,0,49.0,1.0,1.0,0.0,757,0.9522012578616352,38,0,0,0.0222222222222222,729,0.0,0.4649122807017544,0.0,0,
1x1x16x16xf64,linalg,2175,2908,2905,2.993212669683258,1.3461538461538465,442,1323,0.2032183908045977,0.5169590643274854,855,490,364,0.3931034482758621,0,49.0,1.0,1.0,3.0,855,0.7931354359925789,223,12,4,0.1025287356321839,734,0.0,0.495632183908046,0.0,0,108.0
1x1x16x16xf64,snitch_stream,2003,2731,2728,2.6284658040665434,0.0,541,1422,0.2700948577134298,0.996316758747698,543,0,0,0.2710933599600599,0,,2.715,2.715,0.0,200,0.6042296072507553,131,0,0,0.0654018971542686,729,0.0,0.3364952571143285,0.0,0,
1x1x16x16xf64,snrt,1992,2724,2721,2.6284658040665434,0.0,541,1422,0.2715863453815261,0.996316758747698,543,0,0,0.2725903614457831,0,,2.715,2.715,0.0,200,0.6896551724137931,90,0,0,0.0451807228915662,733,0.0,0.3177710843373494,0.0,0,
