params,impl,tstart,start,snitch_issues,snitch_fseq_offloads,end_fpss,fpss_issues,fpss_loads,fpss_load_latency,fpss_fpu_issues,fpss_fpu_latency,fpss_stores,tend,end,snitch_load_latency,snitch_loads,snitch_avg_load_latency,snitch_occupancy,snitch_fseq_rel_offloads,fseq_yield,fseq_fpu_yield,fpss_section_latency,fpss_avg_fpu_latency,fpss_avg_load_latency,fpss_occupancy,fpss_fpu_occupancy,fpss_fpu_rel_occupancy,cycles,total_ipc
1x1x16x16xf64,baseline,0.0,738,37,854,2685,854,364,490,435,1323,49,0.0,2663,0,0,0,0.0189938398357289,0.9584736251402918,1.0,1.0,22,3.041379310344828,1.3461538461538465,0.4383983572895277,0.223305954825462,0.509367681498829,1948,0.4573921971252566
1x1x16x16xf64,linalg,0.0,738,37,854,2685,854,364,490,435,1323,49,0.0,2662,0,0,0,0.0189938398357289,0.9584736251402918,1.0,1.0,23,3.041379310344828,1.3461538461538465,0.4383983572895277,0.223305954825462,0.509367681498829,1948,0.4573921971252566
1x1x16x16xf64,snitch_stream,0.0,742,174,198,2738,541,49,49,388,1323,49,0.0,2510,0,0,0,0.0871306960440661,0.532258064516129,2.7323232323232323,2.7323232323232323,228,3.4097938144329896,1.0,0.2709063595393089,0.1942914371557336,0.7171903881700554,1997,0.358037055583375
1x1x16x16xf64,snrt,0.0,753,68,198,2728,541,49,49,390,1323,49,0.0,2509,0,0,0,0.034412955465587,0.7443609022556391,2.7323232323232323,2.7323232323232323,219,3.392307692307692,1.0,0.2737854251012145,0.1973684210526315,0.7208872458410351,1976,0.3081983805668016
