params,impl,cycles,end,end_fpss,fpss_avg_fpu_latency,fpss_avg_load_latency,fpss_fpu_issues,fpss_fpu_latency,fpss_fpu_occupancy,fpss_fpu_rel_occupancy,fpss_issues,fpss_load_latency,fpss_loads,fpss_occupancy,fpss_section_latency,fpss_stores,fseq_fpu_yield,fseq_yield,snitch_avg_load_latency,snitch_fseq_offloads,snitch_fseq_rel_offloads,snitch_issues,snitch_load_latency,snitch_loads,snitch_occupancy,start,tend,total_ipc,tstart
1x1x16x16xf64,baseline,1932,2679,2676,2.993212669683258,1.3461538461538465,442,1323,0.2287784679089027,0.5169590643274854,855,490,364,0.4425465838509316,0,49,1.0,1.0,0,855,0.9574468085106383,38,0,0,0.0196687370600414,748,0.0,0.462215320910973,0.0
1x1x16x16xf64,linalg,1932,2679,2676,2.993212669683258,1.3461538461538465,442,1323,0.2287784679089027,0.5169590643274854,855,490,364,0.4425465838509316,0,49,1.0,1.0,0,855,0.9574468085106383,38,0,0,0.0196687370600414,748,0.0,0.462215320910973,0.0
1x1x16x16xf64,snitch_stream,1997,2734,2731,2.993212669683258,1.0,442,1323,0.2213319979969955,0.8154981549815498,542,49,49,0.271407110665999,0,49,2.7236180904522618,2.7236180904522613,0,199,0.5320855614973262,175,0,0,0.0876314471707561,738,0.0,0.3590385578367551,0.0
1x1x16x16xf64,snrt,1988,2719,2716,2.993212669683258,1.0,442,1323,0.2223340040241448,0.8154981549815498,542,49,49,0.272635814889336,0,49,2.7236180904522618,2.7236180904522613,0,199,0.7425373134328358,69,0,0,0.0347082494969818,732,0.0,0.3073440643863179,0.0
