params,impl,cycles,end,end_fpss,fpss_avg_fpu_latency,fpss_avg_load_latency,fpss_fpu_issues,fpss_fpu_latency,fpss_fpu_occupancy,fpss_fpu_rel_occupancy,fpss_issues,fpss_load_latency,fpss_loads,fpss_occupancy,fpss_section_latency,fpss_stores,fseq_fpu_yield,fseq_yield,snitch_avg_load_latency,snitch_fseq_offloads,snitch_fseq_rel_offloads,snitch_issues,snitch_load_latency,snitch_loads,snitch_occupancy,start,tend,total_ipc,tstart,fpss_fpu_fmadd_issues,snitch_stores
1x1x16x16xf64,baseline,1702,2494,2491,2.992366412213741,1.0444444444444445,393,1176,0.2309048178613396,0.5191545574636723,757,329,315,0.444770857814336,0,49.0,1.0,1.0,0.0,757,0.9522012578616352,38,0,0,0.0223266745005875,793,0.0,0.4670975323149236,0.0,0,
1x1x16x16xf64,linalg,2172,2972,2969,2.993212669683258,1.3461538461538465,442,1323,0.2034990791896869,0.5169590643274854,855,490,364,0.393646408839779,0,49.0,1.0,1.0,3.0,855,0.7931354359925789,223,12,4,0.1026703499079189,801,0.0,0.496316758747698,0.0,0,108.0
1x1x16x16xf64,snitch_stream,1998,2790,2787,2.6284658040665434,0.0,541,1422,0.2707707707707708,0.996316758747698,543,0,0,0.2717717717717717,0,,2.715,2.715,0.0,200,0.6042296072507553,131,0,0,0.0655655655655655,793,0.0,0.3373373373373373,0.0,0,
1x1x16x16xf64,snrt,1989,2759,2756,2.6284658040665434,0.0,541,1422,0.2719959778783308,0.996316758747698,543,0,0,0.2730015082956259,0,,2.715,2.715,0.0,200,0.6896551724137931,90,0,0,0.0452488687782805,771,0.0,0.3182503770739064,0.0,0,
