params,impl,cycles,end,end_fpss,fpss_avg_fpu_latency,fpss_avg_load_latency,fpss_fpu_issues,fpss_fpu_latency,fpss_fpu_occupancy,fpss_fpu_rel_occupancy,fpss_issues,fpss_load_latency,fpss_loads,fpss_occupancy,fpss_section_latency,fpss_stores,fseq_fpu_yield,fseq_yield,snitch_avg_load_latency,snitch_fseq_offloads,snitch_fseq_rel_offloads,snitch_issues,snitch_load_latency,snitch_loads,snitch_occupancy,start,tend,total_ipc,tstart
1x1x16x16xf64,baseline,1940,2673,2670,2.993212669683258,1.3461538461538465,442,1323,0.2278350515463917,0.5169590643274854,855,490,364,0.440721649484536,0,49,1.0,1.0,0,855,0.9574468085106383,38,0,0,0.0195876288659793,734,0.0,0.4603092783505154,0.0
1x1x16x16xf64,linalg,1940,2673,2670,2.993212669683258,1.3461538461538465,442,1323,0.2278350515463917,0.5169590643274854,855,490,364,0.440721649484536,0,49,1.0,1.0,0,855,0.9574468085106383,38,0,0,0.0195876288659793,734,0.0,0.4603092783505154,0.0
1x1x16x16xf64,snitch_stream,1996,2721,2718,2.993212669683258,1.0,442,1323,0.221442885771543,0.8154981549815498,542,49,49,0.2715430861723447,0,49,2.7236180904522618,2.7236180904522613,0,199,0.5320855614973262,175,0,0,0.0876753507014028,726,0.0,0.3592184368737475,0.0
1x1x16x16xf64,snrt,1981,2713,2710,2.993212669683258,1.0,442,1323,0.2231196365471983,0.8154981549815498,542,49,49,0.2735991923271075,0,49,2.7236180904522618,2.7236180904522613,0,199,0.7425373134328358,69,0,0,0.0348308934881373,733,0.0,0.3084300858152448,0.0
