params,impl,cycles,end,end_fpss,fpss_avg_fpu_latency,fpss_avg_load_latency,fpss_fpu_issues,fpss_fpu_latency,fpss_fpu_occupancy,fpss_fpu_rel_occupancy,fpss_issues,fpss_load_latency,fpss_loads,fpss_occupancy,fpss_section_latency,fseq_fpu_yield,fseq_yield,snitch_avg_load_latency,snitch_fseq_offloads,snitch_fseq_rel_offloads,snitch_issues,snitch_load_latency,snitch_loads,snitch_occupancy,start,tend,total_ipc,tstart,fpss_fpu_fmadd_issues
10x10xf64,snitch_stream,346,1094,1091,2.6797752808988764,0,178,477,0.5144508670520231,0.956989247311828,186,0,0,0.5375722543352601,0,3.0,3.0,0,62,0.3315508021390374,125,0,0,0.361271676300578,749,0.0,0.8988439306358382,0.0,0
10x18xf64,snitch_stream,523,1301,1298,2.6920903954802258,0,354,953,0.6768642447418738,0.9779005524861878,362,0,0,0.6921606118546845,0,3.175438596491228,3.175438596491228,0,114,0.456,136,0,0,0.260038240917782,779,0.0,0.9521988527724664,0.0,0
18x10xf64,snitch_stream,617,1394,1391,2.6920903954802258,0,354,953,0.5737439222042139,0.9567567567567568,370,0,0,0.5996758508914101,0,3.0327868852459017,3.0327868852459017,0,122,0.3407821229050279,236,0,0,0.3824959481361426,778,0.0,0.9821717990275528,0.0,0
18x18xf64,snitch_stream,983,1793,1790,2.698300283286119,0,706,1905,0.7182095625635809,0.9778393351800554,722,0,0,0.7344862665310274,0,3.194690265486726,3.194690265486725,0,226,0.4650205761316872,260,0,0,0.2644964394710071,811,0.0,0.9989827060020344,0.0,0
