params,impl,cycles,end,end_fpss,fpss_avg_fpu_latency,fpss_avg_load_latency,fpss_fpu_issues,fpss_fpu_latency,fpss_fpu_occupancy,fpss_fpu_rel_occupancy,fpss_issues,fpss_load_latency,fpss_loads,fpss_occupancy,fpss_section_latency,fseq_fpu_yield,fseq_yield,snitch_avg_load_latency,snitch_fseq_offloads,snitch_fseq_rel_offloads,snitch_issues,snitch_load_latency,snitch_loads,snitch_occupancy,start,tend,total_ipc,tstart,fpss_fpu_fmadd_issues
10x10xf64,snitch_stream,352,1100,1097,2.6797752808988764,0,178,477,0.5056818181818182,0.956989247311828,186,0,0,0.5284090909090909,0,3.0,3.0,0,62,0.3315508021390374,125,0,0,0.3551136363636363,749,0.0,0.8835227272727273,0.0,0
10x18xf64,snitch_stream,532,1310,1307,2.6920903954802258,0,354,953,0.6654135338345865,0.9779005524861878,362,0,0,0.6804511278195489,0,3.175438596491228,3.175438596491228,0,114,0.456,136,0,0,0.2556390977443609,779,0.0,0.9360902255639098,0.0,0
18x10xf64,snitch_stream,631,1408,1405,2.6920903954802258,0,354,953,0.561014263074485,0.9567567567567568,370,0,0,0.5863708399366085,0,3.0327868852459017,3.0327868852459017,0,122,0.3407821229050279,236,0,0,0.3740095087163232,778,0.0,0.960380348652932,0.0,0
18x18xf64,snitch_stream,1004,1814,1811,2.698300283286119,0,706,1905,0.703187250996016,0.9778393351800554,722,0,0,0.7191235059760956,0,3.194690265486726,3.194690265486725,0,226,0.4650205761316872,260,0,0,0.2589641434262948,811,0.0,0.9780876494023903,0.0,0
