params,impl,cycles,end,end_fpss,fpss_avg_fpu_latency,fpss_avg_load_latency,fpss_fpu_issues,fpss_fpu_latency,fpss_fpu_occupancy,fpss_fpu_rel_occupancy,fpss_issues,fpss_load_latency,fpss_loads,fpss_occupancy,fpss_section_latency,fpss_stores,fseq_fpu_yield,fseq_yield,snitch_avg_load_latency,snitch_fseq_offloads,snitch_fseq_rel_offloads,snitch_issues,snitch_load_latency,snitch_loads,snitch_occupancy,start,tend,total_ipc,tstart
1x1x16x16xf64,baseline,1948,2663,2685,3.041379310344828,1.3461538461538465,435,1323,0.223305954825462,0.509367681498829,854,490,364,0.4383983572895277,22,49,1.0,1.0,0,854,0.9584736251402918,37,0,0,0.0189938398357289,738,0.0,0.4573921971252566,0.0
1x1x16x16xf64,linalg,1948,2662,2685,3.041379310344828,1.3461538461538465,435,1323,0.223305954825462,0.509367681498829,854,490,364,0.4383983572895277,23,49,1.0,1.0,0,854,0.9584736251402918,37,0,0,0.0189938398357289,738,0.0,0.4573921971252566,0.0
1x1x16x16xf64,snitch_stream,1997,2510,2738,3.4097938144329896,1.0,388,1323,0.1942914371557336,0.7171903881700554,541,49,49,0.2709063595393089,228,49,2.7323232323232323,2.7323232323232323,0,198,0.532258064516129,174,0,0,0.0871306960440661,742,0.0,0.358037055583375,0.0
1x1x16x16xf64,snrt,1976,2509,2728,3.392307692307692,1.0,390,1323,0.1973684210526315,0.7208872458410351,541,49,49,0.2737854251012145,219,49,2.7323232323232323,2.7323232323232323,0,198,0.7443609022556391,68,0,0,0.034412955465587,753,0.0,0.3081983805668016,0.0
