params,impl,cycles,end,end_fpss,fpss_avg_fpu_latency,fpss_avg_load_latency,fpss_fpu_issues,fpss_fpu_latency,fpss_fpu_occupancy,fpss_fpu_rel_occupancy,fpss_issues,fpss_load_latency,fpss_loads,fpss_occupancy,fpss_section_latency,fseq_fpu_yield,fseq_yield,snitch_avg_load_latency,snitch_fseq_offloads,snitch_fseq_rel_offloads,snitch_issues,snitch_load_latency,snitch_loads,snitch_occupancy,start,tend,total_ipc,tstart,fpss_fpu_fmadd_issues
34x34xf64,snitch_stream,3149,4089,4086,2.702980837473385,0,2818,7617,0.8948872657986663,0.9887719298245614,2850,0,0,0.9050492219752302,0,3.2909930715935336,3.2909930715935336,0,866,0.7609841827768014,272,0,0,0.0863766275007939,941,0.0,0.991425849476024,0.0,0
10x34xf64,snitch_stream,850,1665,1662,2.698300283286119,0,706,1905,0.8305882352941176,0.988795518207283,714,0,0,0.84,0,3.275229357798165,3.2752293577981653,0,218,0.7032258064516129,92,0,0,0.108235294117647,816,0.0,0.9482352941176472,0.0,0
18x34xf64,snitch_stream,1621,2465,2462,2.701418439716312,0,1410,3809,0.8698334361505243,0.9887798036465638,1426,0,0,0.8797038864898211,0,3.2857142857142856,3.2857142857142856,0,434,0.7406143344709898,152,0,0,0.0937692782233189,845,0.0,0.97347316471314,0.0,0
26x34xf64,snitch_stream,2385,3269,3266,2.7024597918637654,0,2114,5713,0.8863731656184486,0.9887745556594948,2138,0,0,0.8964360587002096,0,3.2892307692307687,3.289230769230769,0,650,0.7540603248259861,212,0,0,0.0888888888888888,885,0.0,0.9853249475890984,0.0,0
34x10xf64,snitch_stream,930,1740,1737,2.698300283286119,0,706,1905,0.7591397849462366,0.956639566395664,738,0,0,0.7935483870967742,0,3.049586776859504,3.049586776859504,0,242,0.580335731414868,175,0,0,0.1881720430107527,811,0.0,0.9817204301075269,0.0,0
34x18xf64,snitch_stream,1677,2521,2518,2.701418439716312,0,1410,3809,0.8407871198568873,0.9778085991678224,1442,0,0,0.8598688133571855,0,3.2044444444444444,3.2044444444444444,0,450,0.6838905775075987,208,0,0,0.1240310077519379,845,0.0,0.9838998211091234,0.0,0
34x26xf64,snitch_stream,2413,3297,3294,2.7024597918637654,0,2114,5713,0.8760878574388727,0.9850885368126748,2146,0,0,0.8893493576460837,0,3.2613981762917934,3.2613981762917934,0,658,0.732739420935412,240,0,0,0.099461251554082,885,0.0,0.9888106092001656,0.0,0
