params,impl,cycles,end,end_fpss,fpss_avg_fpu_latency,fpss_avg_load_latency,fpss_fpu_issues,fpss_fpu_latency,fpss_fpu_occupancy,fpss_fpu_rel_occupancy,fpss_issues,fpss_load_latency,fpss_loads,fpss_occupancy,fpss_section_latency,fpss_stores,fseq_fpu_yield,fseq_yield,snitch_avg_load_latency,snitch_fseq_offloads,snitch_fseq_rel_offloads,snitch_issues,snitch_load_latency,snitch_loads,snitch_occupancy,start,tend,total_ipc,tstart
8x8xf64,baseline,3239,3990,3981,2.797191887675507,1.1513513513513514,641,1793,0.1979005866008027,0.3937346437346437,1628,852,740,0.5026242667489966,0,247,1.0,1.0,0,1628,0.9537199765670769,79,0,0,0.024390243902439,752,0.0,0.5270145106514357,0.0
8x8xf64,fused,2964,3715,3733,2.7987616099071206,1.0629032258064517,646,1808,0.2179487179487179,0.4654178674351585,1388,659,620,0.4682860998650472,18,120,1.0,1.0,0,1388,0.9625520110957004,54,0,0,0.0182186234817813,770,0.0,0.4865047233468286,0.0
8x8xf64,linalg,3238,3994,3986,2.797191887675507,1.1513513513513514,641,1793,0.1979617047560222,0.3937346437346437,1628,852,740,0.5027794935145151,0,247,1.0,1.0,0,1628,0.9531615925058547,80,0,0,0.0247066090179122,757,0.0,0.5274861025324274,0.0
8x8xf64,snrt,2709,3349,3465,2.929738562091503,1.0,612,1793,0.2259136212624584,0.7937743190661478,771,64,64,0.2846068660022148,116,64,1.992248062015504,1.992248062015504,0,387,0.7724550898203593,114,0,0,0.0420819490586932,757,0.0,0.3266888150609081,0.0
8x8xf64,snitch_stream,2730,3375,3491,2.929738562091503,1.0,612,1793,0.2241758241758241,0.7937743190661478,771,64,64,0.2824175824175824,116,64,1.992248062015504,1.992248062015504,0,387,0.5633187772925764,300,0,0,0.1098901098901098,762,0.0,0.3923076923076923,0.0
