params,tests,tstart,start,snitch_issues,snitch_fseq_offloads,end_fpss,fpss_issues,fpss_stores,fpss_loads,fpss_load_latency,fpss_fpu_issues,fpss_fpu_latency,tend,end,snitch_load_latency,snitch_loads,snitch_avg_load_latency,snitch_occupancy,snitch_fseq_rel_offloads,fseq_yield,fseq_fpu_yield,fpss_section_latency,fpss_avg_fpu_latency,fpss_avg_load_latency,fpss_occupancy,fpss_fpu_occupancy,fpss_fpu_rel_occupancy,cycles,total_ipc
8x8xf64,baseline,0.0,752,79,1628,3981,1628,247,740,852,641,1793,0.0,3990,0,0,0,0.024390243902439025,0.9537199765670767,1.0,1.0,0,2.797191887675507,1.1513513513513514,0.5026242667489966,0.19790058660080273,0.39373464373464373,3239,0.5270145106514357
8x8xf64,fused,0.0,770,54,1388,3733,1388,120,620,659,646,1808,0.0,3715,0,0,0,0.018218623481781375,0.9625520110957004,1.0,1.0,18,2.7987616099071206,1.0629032258064517,0.4682860998650472,0.21794871794871795,0.4654178674351585,2964,0.4865047233468286
8x8xf64,linalg,0.0,757,80,1628,3986,1628,247,740,852,641,1793,0.0,3994,0,0,0,0.02470660901791229,0.9531615925058547,1.0,1.0,0,2.797191887675507,1.1513513513513514,0.5027794935145151,0.19796170475602223,0.39373464373464373,3238,0.5274861025324274
8x8xf64,snrt,0.0,757,114,387,3465,771,612,1793,64,64,64,0.0,3349,0,0,0,0.042081949058693245,0.7724550898203593,1.9922480620155039,1.9922480620155039,116,2.929738562091503,1.0,0.28460686600221485,0.22591362126245848,0.7937743190661478,2709,0.3266888150609081
8x8xf64,snitch_stream,0.0,778,304,387,3511,771,612,1793,64,64,64,0.0,3395,0,0,0,0.11119239209948793,0.5600578871201157,1.9922480620155039,1.9922480620155039,116,2.929738562091503,1.0,0.28200438917337234,0.2238478419897586,0.7937743190661478,2734,0.3931967812728603
