params,impl,cycles,end,end_fpss,fpss_avg_fpu_latency,fpss_avg_load_latency,fpss_fpu_issues,fpss_fpu_latency,fpss_fpu_occupancy,fpss_fpu_rel_occupancy,fpss_issues,fpss_load_latency,fpss_loads,fpss_occupancy,fpss_section_latency,fpss_stores,fseq_fpu_yield,fseq_yield,snitch_avg_load_latency,snitch_fseq_offloads,snitch_fseq_rel_offloads,snitch_issues,snitch_load_latency,snitch_loads,snitch_occupancy,start,tend,total_ipc,tstart,snitch_stores
16x16xf64,baseline,1081,1773,1777,1.00390625,1.0,256,257,0.2368177613320999,0.3328998699609883,769,256,256,0.7113783533765032,4,256.0,1.0,1.0,0,769,0.9079102715466352,78,0,0,0.0721554116558741,697,0.0,0.7835337650323775,0.0,
16x16xf64,ssr,846,1548,1546,1.0,0.0,257,257,0.3037825059101655,0.9922779922779924,259,0,0,0.3061465721040189,0,,1.0,1.0,0,259,0.3290978398983482,528,0,0,0.624113475177305,703,0.0,0.9302600472813238,0.0,
16x16xf64,ssr_frep,327,779,1024,21.416666666666668,0.0,12,257,0.036697247706422,0.0463320463320463,259,0,0,0.7920489296636085,245,,51.8,51.8,0,5,0.25,15,0,0,0.0458715596330275,698,0.0,0.8379204892966361,0.0,
16x16xf64,snrt,334,783,1036,64.25,0.0,4,257,0.0119760479041916,0.0154440154440154,259,0,0,0.7754491017964071,253,,43.16666666666666,43.16666666666666,0,6,0.2727272727272727,16,0,0,0.0479041916167664,703,0.0,0.8233532934131736,0.0,
16x16xf64,linalg,1074,1790,1793,1.00390625,1.0,256,257,0.2383612662942272,0.3328998699609883,769,256,256,0.7160148975791434,3,256.0,1.0,1.0,0,769,0.9079102715466352,78,0,0,0.0726256983240223,720,0.0,0.7886405959031657,0.0,
16x16xf64,snitch_stream,322,787,1041,85.66666666666667,0.0,3,257,0.0093167701863354,0.0115830115830115,259,0,0,0.8043478260869565,254,,51.8,51.8,0,5,0.1851851851851851,22,0,0,0.0683229813664596,720,0.0,0.8726708074534162,0.0,
16x16xf64,scf_xdsl,3460,4166,4161,1.0,1.0,256,256,0.0739884393063583,0.3328998699609883,769,257,257,0.2222543352601156,0,256.0,1.0,1.0,0,769,0.2928408225437928,1857,0,0,0.5367052023121387,707,0.0,0.7589595375722543,0.0,2.0
