params,tests,tstart,start,snitch_issues,snitch_fseq_offloads,end_fpss,fpss_issues,fpss_fpu_issues,fpss_fpu_latency,fpss_loads,fpss_load_latency,fpss_stores,tend,end,snitch_load_latency,snitch_loads,snitch_avg_load_latency,snitch_occupancy,snitch_fseq_rel_offloads,fseq_yield,fseq_fpu_yield,fpss_section_latency,fpss_avg_fpu_latency,fpss_avg_load_latency,fpss_occupancy,fpss_fpu_occupancy,fpss_fpu_rel_occupancy,cycles,total_ipc
16x16xf64,baseline,0.0,697,78,769,1777,769,256,257,256,256,256,0.0,1773,0,0,0,0.07215541165587419,0.9079102715466352,1.0,1.0,4,1.00390625,1.0,0.7113783533765032,0.23681776133209992,0.3328998699609883,1081,0.7835337650323775
16x16xf64,ssr,0.0,703,528,259,1546,259,257,257,0.0,1548,0,0,0,0,0,0.624113475177305,0.3290978398983482,1.0,1.0,0,1.0,0,0.3061465721040189,0.3037825059101655,0.9922779922779923,846,0.9302600472813238
16x16xf64,ssr_frep,0.0,698,15,5,1024,259,12,257,0.0,779,0,0,0,0,0,0.045871559633027525,0.25,51.8,51.800000000000004,245,21.416666666666668,0,0.7920489296636085,0.03669724770642202,0.04633204633204633,327,0.8379204892966361
16x16xf64,snrt,0.0,703,16,6,1036,259,4,257,0.0,783,0,0,0,0,0,0.04790419161676647,0.2727272727272727,43.166666666666664,43.166666666666664,253,64.25,0,0.7754491017964071,0.011976047904191617,0.015444015444015444,334,0.8233532934131736
16x16xf64,linalg,0.0,720,78,769,1793,769,256,257,256,256,256,0.0,1790,0,0,0,0.07262569832402235,0.9079102715466352,1.0,1.0,3,1.00390625,1.0,0.7160148975791434,0.2383612662942272,0.3328998699609883,1074,0.7886405959031657
16x16xf64,snitch_stream,0.0,720,22,5,1041,259,3,257,0.0,787,0,0,0,0,0,0.06832298136645963,0.18518518518518517,51.8,51.800000000000004,254,85.66666666666667,0,0.8043478260869565,0.009316770186335404,0.011583011583011582,322,0.8726708074534162
16x16xf64,scf_xdsl,0.0,721,2625,2,769,5688,769,257,257,256,256,256,0.0,5694,0,0,0,0.5277442702050663,0.22657631113730112,1.0,1.0,0,1.0,1.0,0.15460394049055087,0.051467631684760755,0.3328998699609883,4974,0.6823482106956171
