params,impl,cycles,end,end_fpss,fpss_avg_fpu_latency,fpss_avg_load_latency,fpss_fpu_issues,fpss_fpu_latency,fpss_fpu_occupancy,fpss_fpu_rel_occupancy,fpss_issues,fpss_load_latency,fpss_loads,fpss_occupancy,fpss_section_latency,fpss_stores,fseq_fpu_yield,fseq_yield,snitch_avg_load_latency,snitch_fseq_offloads,snitch_fseq_rel_offloads,snitch_issues,snitch_load_latency,snitch_loads,snitch_occupancy,start,tend,total_ipc,tstart
16x16xf64,baseline,370,1059,1057,0.0,0,0,0,0.0,0.0,256,0,0,0.6918918918918919,0,256.0,0.0,1.0,0,256,0.8126984126984127,59,0,0,0.1594594594594594,690,0.0,0.8513513513513514,0.0
16x16xf64,linalg,347,1032,1030,0.0,0,0,0,0.0,0.0,256,0,0,0.7377521613832853,0,256.0,0.0,1.0,0,256,0.8152866242038217,58,0,0,0.1671469740634005,686,0.0,0.9048991354466858,0.0
16x16xf64,snitch_stream,294,737,987,36.71428571428572,0,7,257,0.0238095238095238,0.027027027027027,259,0,0,0.8809523809523809,250,,51.8,51.8,0,5,0.2631578947368421,14,0,0,0.0476190476190476,694,0.0,0.9285714285714286,0.0
16x16xf64,snrt,299,992,990,0.996124031007752,0,258,257,0.862876254180602,0.9923076923076924,260,0,0,0.8695652173913043,0,,43.33333333333333,43.333333333333336,0,6,0.3157894736842105,13,0,0,0.0434782608695652,694,0.0,0.9130434782608696,0.0
16x16xf64,scf_xdsl,2665,3358,3352,1.0,0,1,1,0.0003752345215759,0.0038910505836575,257,0,0,0.0964352720450281,0,256.0,1.0,1.0,0,257,0.1386940097139773,1596,0,0,0.598874296435272,694,0.0,0.6953095684803001,0.0
