params,impl,cycles,end,end_fpss,fpss_avg_fpu_latency,fpss_avg_load_latency,fpss_fpu_issues,fpss_fpu_latency,fpss_fpu_occupancy,fpss_fpu_rel_occupancy,fpss_issues,fpss_load_latency,fpss_loads,fpss_occupancy,fpss_section_latency,fpss_stores,fseq_fpu_yield,fseq_yield,snitch_avg_load_latency,snitch_fseq_offloads,snitch_fseq_rel_offloads,snitch_issues,snitch_load_latency,snitch_loads,snitch_occupancy,start,tend,total_ipc,tstart,fpss_fpu_fmadd_issues
1x1x16x16xf64,baseline,1447,2188,2185,0.997737556561086,1.0,442,441,0.3054595715272978,0.4505606523955148,981,490,490,0.677954388389772,0,49,1.0,1.0,0,981,0.7898550724637681,261,0,0,0.1803731859018659,742,0.0,0.8583275742916379,0.0,0
1x1x16x16xf64,linalg,1194,1927,1924,0.997737556561086,1.0,442,441,0.3701842546063651,0.5169590643274854,855,364,364,0.7160804020100503,0,49,1.0,1.0,0,855,0.9574468085106383,38,0,0,0.0318257956448911,734,0.0,0.7479061976549414,0.0,0
1x1x16x16xf64,snitch_stream,1114,1839,1836,0.997737556561086,1.0,442,441,0.3967684021543985,0.8154981549815498,542,49,49,0.4865350089766607,0,49,2.7236180904522618,2.7236180904522613,0,199,0.5320855614973262,175,0,0,0.1570915619389587,726,0.0,0.6436265709156194,0.0,0
1x1x16x16xf64,snrt,1099,1831,1828,0.997737556561086,1.0,442,441,0.4021838034576888,0.8154981549815498,542,49,49,0.4931756141947225,0,49,2.7236180904522618,2.7236180904522613,0,199,0.7425373134328358,69,0,0,0.0627843494085532,733,0.0,0.5559599636032757,0.0,0
