params,impl,cycles,end,end_fpss,fpss_avg_fpu_latency,fpss_avg_load_latency,fpss_fpu_issues,fpss_fpu_latency,fpss_fpu_occupancy,fpss_fpu_rel_occupancy,fpss_issues,fpss_load_latency,fpss_loads,fpss_occupancy,fpss_section_latency,fseq_fpu_yield,fseq_yield,snitch_avg_load_latency,snitch_fseq_offloads,snitch_fseq_rel_offloads,snitch_issues,snitch_load_latency,snitch_loads,snitch_occupancy,start,tend,total_ipc,tstart,fpss_fpu_fmadd_issues
10x10xf64,snitch_stream,337,1095,1092,0.99438202247191,0,178,177,0.5281899109792285,0.956989247311828,186,0,0,0.5519287833827893,0,3.0,3.0,0,62,0.3297872340425531,126,0,0,0.373887240356083,759,0.0,0.9258160237388724,0.0,0
10x18xf64,snitch_stream,522,1296,1293,0.9971751412429378,0,354,353,0.6781609195402298,0.9779005524861878,362,0,0,0.6934865900383141,0,3.175438596491228,3.175438596491228,0,114,0.4523809523809524,138,0,0,0.264367816091954,775,0.0,0.9578544061302682,0.0,0
18x10xf64,snitch_stream,601,1374,1371,0.9971751412429378,0,354,353,0.589018302828619,0.9567567567567568,370,0,0,0.6156405990016639,0,3.0327868852459017,3.0327868852459017,0,122,0.3388888888888889,238,0,0,0.3960066555740432,774,0.0,1.0116472545757071,0.0,0
18x18xf64,snitch_stream,960,1764,1761,0.9985835694050992,0,706,705,0.7354166666666667,0.9778393351800554,722,0,0,0.7520833333333333,0,3.194690265486726,3.194690265486725,0,226,0.4631147540983606,262,0,0,0.2729166666666666,805,0.0,1.025,0.0,0
