params,tests,tstart,start,snitch_issues,snitch_fseq_offloads,end_fpss,fpss_issues,fpss_loads,fpss_load_latency,fpss_fpu_issues,fpss_fpu_latency,fpss_stores,tend,end,snitch_load_latency,snitch_loads,snitch_avg_load_latency,snitch_occupancy,snitch_fseq_rel_offloads,fseq_yield,fseq_fpu_yield,fpss_section_latency,fpss_avg_fpu_latency,fpss_avg_load_latency,fpss_occupancy,fpss_fpu_occupancy,fpss_fpu_rel_occupancy,cycles,total_ipc
1x1x16x16xf64,baseline,0.0,716,260,980,2142,980,490,490,441,441,49,0.0,2150,0,0,0,0.18118466898954705,0.7903225806451613,1.0,1.0,0,1.0,1.0,0.6829268292682927,0.3073170731707317,0.45,1435,0.8641114982578397
1x1x16x16xf64,linalg,0.0,738,37,854,1938,854,364,364,439,441,49,0.0,1933,0,0,0,0.030807660283097418,0.9584736251402918,1.0,1.0,5,1.0045558086560364,1.0,0.7110741049125728,0.3655287260616153,0.5140515222482436,1201,0.7418817651956703
1x1x16x16xf64,snitch_stream,0.0,742,174,198,1856,541,49,49,389,441,49,0.0,1736,0,0,0,0.15605381165919283,0.532258064516129,2.7323232323232323,2.7323232323232323,120,1.1336760925449871,1.0,0.4852017937219731,0.3488789237668161,0.7190388170055453,1115,0.6412556053811659
1x1x16x16xf64,snrt,0.0,753,68,198,1846,541,49,49,394,441,49,0.0,1735,0,0,0,0.062157221206581355,0.7443609022556391,2.7323232323232323,2.7323232323232323,111,1.119289340101523,1.0,0.4945155393053016,0.360146252285192,0.7282809611829945,1094,0.556672760511883
1x1x16x16xf64,scf_xdsl,0.0,734,6599,980,14265,980,490,490,441,441,49,0.0,14281,0,0,0,0.4870829642751698,0.1293046576065444,1.0,1.0,0,1.0,1.0,0.0723354000590493,0.03255093002657219,0.45,13548,0.5594183643342191
