params,impl,cycles,end,end_fpss,fpss_avg_fpu_latency,fpss_avg_load_latency,fpss_fpu_issues,fpss_fpu_latency,fpss_fpu_occupancy,fpss_fpu_rel_occupancy,fpss_issues,fpss_load_latency,fpss_loads,fpss_occupancy,fpss_section_latency,fseq_fpu_yield,fseq_yield,snitch_avg_load_latency,snitch_fseq_offloads,snitch_fseq_rel_offloads,snitch_issues,snitch_load_latency,snitch_loads,snitch_occupancy,start,tend,total_ipc,tstart,fpss_fpu_fmadd_issues
16x16xf64,snitch_stream,3023,3969,3966,0.9996451383960256,0,2818,2817,0.9321865696328152,0.9887719298245614,2850,0,0,0.942772080714522,0,3.2909930715935336,3.2909930715935336,0,866,0.7596491228070176,274,0,0,0.0906384386371154,947,0.0,1.0334105193516374,0.0,0
4x16xf64,snitch_stream,827,1631,1628,0.9985835694050992,0,706,705,0.8536880290205562,0.988795518207283,714,0,0,0.8633615477629988,0,3.275229357798165,3.2752293577981653,0,218,0.6987179487179487,94,0,0,0.1136638452237001,805,0.0,0.9770253929866988,0.0,0
8x16xf64,snitch_stream,1560,2418,2415,0.999290780141844,0,1410,1409,0.903846153846154,0.9887798036465638,1426,0,0,0.914102564102564,0,3.2857142857142856,3.2857142857142856,0,434,0.7380952380952381,154,0,0,0.0987179487179487,859,0.0,1.0128205128205128,0.0,0
12x16xf64,snitch_stream,2292,3191,3188,0.999526963103122,0,2114,2113,0.9223385689354276,0.9887745556594948,2138,0,0,0.9328097731239092,0,3.2892307692307687,3.289230769230769,0,650,0.7523148148148148,214,0,0,0.0933682373472949,900,0.0,1.0261780104712042,0.0,0
16x4xf64,snitch_stream,911,1714,1711,0.9985835694050992,0,706,705,0.7749725576289791,0.956639566395664,738,0,0,0.8100987925356751,0,3.049586776859504,3.049586776859504,0,242,0.5775656324582339,177,0,0,0.1942919868276619,804,0.0,1.0043907793633369,0.0,0
16x8xf64,snitch_stream,1616,2474,2471,0.999290780141844,0,1410,1409,0.8725247524752475,0.9778085991678224,1442,0,0,0.8923267326732673,0,3.2044444444444444,3.2044444444444444,0,450,0.6818181818181818,210,0,0,0.1299504950495049,859,0.0,1.0222772277227723,0.0,0
16x12xf64,snitch_stream,2320,3219,3216,0.999526963103122,0,2114,2113,0.9112068965517242,0.9850885368126748,2146,0,0,0.925,0,3.2613981762917934,3.2613981762917934,0,658,0.7311111111111112,242,0,0,0.1043103448275862,900,0.0,1.0293103448275862,0.0,0
