params,impl,cycles,end,end_fpss,fpss_avg_fpu_latency,fpss_avg_load_latency,fpss_fpu_issues,fpss_fpu_latency,fpss_fpu_occupancy,fpss_fpu_rel_occupancy,fpss_issues,fpss_load_latency,fpss_loads,fpss_occupancy,fpss_section_latency,fseq_fpu_yield,fseq_yield,snitch_avg_load_latency,snitch_fseq_offloads,snitch_fseq_rel_offloads,snitch_issues,snitch_load_latency,snitch_loads,snitch_occupancy,start,tend,total_ipc,tstart,fpss_fpu_fmadd_issues
10x10xf64,snitch_stream,343,1101,1098,0.99438202247191,0,178,177,0.5189504373177842,0.956989247311828,186,0,0,0.5422740524781341,0,3.0,3.0,0,62,0.3297872340425531,126,0,0,0.3673469387755102,759,0.0,0.9096209912536444,0.0,0
10x18xf64,snitch_stream,531,1305,1302,0.9971751412429378,0,354,353,0.6666666666666666,0.9779005524861878,362,0,0,0.6817325800376648,0,3.175438596491228,3.175438596491228,0,114,0.4523809523809524,138,0,0,0.2598870056497175,775,0.0,0.9416195856873824,0.0,0
18x10xf64,snitch_stream,615,1388,1385,0.9971751412429378,0,354,353,0.5756097560975609,0.9567567567567568,370,0,0,0.6016260162601627,0,3.0327868852459017,3.0327868852459017,0,122,0.3388888888888889,238,0,0,0.3869918699186991,774,0.0,0.9886178861788618,0.0,0
18x18xf64,snitch_stream,981,1785,1782,0.9985835694050992,0,706,705,0.7196738022426096,0.9778393351800554,722,0,0,0.7359836901121305,0,3.194690265486726,3.194690265486725,0,226,0.4631147540983606,262,0,0,0.2670744138634047,805,0.0,1.003058103975535,0.0,0
