params,impl,tstart,start,snitch_issues,snitch_fseq_offloads,end_fpss,fpss_issues,fpss_loads,fpss_load_latency,fpss_fpu_issues,fpss_fpu_latency,fpss_stores,tend,end,snitch_load_latency,snitch_loads,snitch_avg_load_latency,snitch_occupancy,snitch_fseq_rel_offloads,fseq_yield,fseq_fpu_yield,fpss_section_latency,fpss_avg_fpu_latency,fpss_avg_load_latency,fpss_occupancy,fpss_fpu_occupancy,fpss_fpu_rel_occupancy,cycles,total_ipc
8x16xf32,baseline,0.0,713,649,512,1905,512,256,256,128,384,128.0,0.0,1914,0,0,0,0.5399334442595674,0.4409991386735573,1.0,1.0,0,3.0,1.0,0.4259567387687188,0.1064891846921797,0.25,1202,0.9658901830282862
8x16xf32,linalg,0.0,713,53,512,1504,512,256,424,128,384,128.0,0.0,1506,0,0,0,0.0667506297229219,0.9061946902654868,1.0,1.0,0,3.0,1.65625,0.6448362720403022,0.1612090680100755,0.25,794,0.7115869017632241
8x16xf32,snrt,0.0,732,15,5,918,131,0,0,129,385,,0.0,918,0,0,0,0.0802139037433155,0.25,26.2,26.200000000000003,0,2.984496124031008,0.0,0.7005347593582888,0.6898395721925134,0.9847328244274808,187,0.7807486631016043
8x16xf32,ssr1d,0.0,733,14,130,979,130,0,0,128,384,,0.0,985,0,0,0,0.0553359683794466,0.9027777777777778,1.0,1.0,0,3.0,0.0,0.5138339920948617,0.5059288537549407,0.9846153846153848,253,0.5691699604743083
8x16xf32,ssr2d,0.0,733,18,130,995,130,0,0,128,384,,0.0,1005,0,0,0,0.0659340659340659,0.8783783783783784,1.0,1.0,0,3.0,0.0,0.4761904761904761,0.4688644688644688,0.9846153846153848,273,0.5421245421245421
8x16xf32,snitch_stream,0.0,725,23,4,918,130,0,0,3,381,,0.0,795,0,0,0,0.1185567010309278,0.1481481481481481,32.5,32.5,123,127.0,0.0,0.6701030927835051,0.0154639175257731,0.023076923076923,194,0.788659793814433
8x16xf32,scf_xdsl,0.0,725,1830,512,4252,512,256,256,128,384,128.0,0.0,4267,0,0,0,0.5165114309906859,0.2186165670367207,1.0,1.0,0,3.0,1.0,0.1445103020039514,0.0361275755009878,0.25,3543,0.6610217329946373
