params,impl,cycles,end,end_fpss,fpss_avg_fpu_latency,fpss_avg_load_latency,fpss_fpu_issues,fpss_fpu_latency,fpss_fpu_occupancy,fpss_fpu_rel_occupancy,fpss_issues,fpss_load_latency,fpss_loads,fpss_occupancy,fpss_section_latency,fpss_stores,fseq_fpu_yield,fseq_yield,snitch_avg_load_latency,snitch_fseq_offloads,snitch_fseq_rel_offloads,snitch_issues,snitch_load_latency,snitch_loads,snitch_occupancy,start,tend,total_ipc,tstart,fpss_fpu_fmadd_issues,snitch_stores
8x16xf32,baseline,1224,1950,1947,2.976744186046512,1.0,129,384,0.1053921568627451,0.2514619883040935,513,256,256,0.4191176470588235,0,128.0,1.0,1.0,0.0,513,0.4411006018916595,650,0,0,0.5310457516339869,727,0.0,0.9501633986928104,0.0,0,
8x16xf32,linalg,1254,1987,1984,2.976744186046512,1.65625,129,384,0.1028708133971291,0.2514619883040935,513,424,256,0.4090909090909091,0,128.0,1.0,1.0,3.8,513,0.5229357798165137,468,19,5,0.3732057416267942,734,0.0,0.7822966507177034,0.0,0,261.0
8x16xf32,snrt,198,924,920,2.976744186046512,0.0,129,384,0.6515151515151515,0.9847328244274808,131,0,0,0.6616161616161617,0,,26.200000000000003,26.2,0.0,5,0.25,15,0,0,0.0757575757575757,727,0.0,0.7373737373737375,0.0,0,
8x16xf32,ssr1d,245,990,987,2.976744186046512,0.0,129,384,0.5265306122448979,0.9847328244274808,131,0,0,0.5346938775510204,0,,1.0,1.0,0.0,131,0.8972602739726028,15,0,0,0.0612244897959183,746,0.0,0.5959183673469387,0.0,0,
8x16xf32,ssr2d,280,1010,1007,2.976744186046512,0.0,129,384,0.4607142857142857,0.9847328244274808,131,0,0,0.4678571428571428,0,,1.0,1.0,0.0,131,0.8733333333333333,19,0,0,0.0678571428571428,731,0.0,0.5357142857142857,0.0,0,
8x16xf32,snitch_stream,177,911,907,2.976744186046512,0.0,129,384,0.7288135593220338,0.9847328244274808,131,0,0,0.7401129943502824,0,,26.200000000000003,26.2,0.0,5,0.2,20,0,0,0.1129943502824858,735,0.0,0.8531073446327683,0.0,0,
