params,impl,cycles,end,end_fpss,fpss_avg_fpu_latency,fpss_avg_load_latency,fpss_fpu_issues,fpss_fpu_latency,fpss_fpu_occupancy,fpss_fpu_rel_occupancy,fpss_issues,fpss_load_latency,fpss_loads,fpss_occupancy,fpss_section_latency,fpss_stores,fseq_fpu_yield,fseq_yield,snitch_avg_load_latency,snitch_fseq_offloads,snitch_fseq_rel_offloads,snitch_issues,snitch_load_latency,snitch_loads,snitch_occupancy,start,tend,total_ipc,tstart,fpss_fpu_fmadd_issues
8x16xf32,baseline,1224,1950,1947,2.976744186046512,1.0,129,384,0.1053921568627451,0.2514619883040935,513,256,256,0.4191176470588235,0,128.0,1.0,1.0,0,513,0.4411006018916595,650,0,0,0.5310457516339869,727,0.0,0.9501633986928104,0.0,0
8x16xf32,linalg,809,1535,1532,2.976744186046512,1.65625,129,384,0.1594561186650185,0.2514619883040935,513,424,256,0.6341161928306551,0,128.0,1.0,1.0,0,513,0.9047619047619048,54,0,0,0.0667490729295426,727,0.0,0.7008652657601978,0.0,0
8x16xf32,linalg_xdsl,199,927,923,2.976744186046512,0.0,129,384,0.6482412060301508,0.9847328244274808,131,0,0,0.6582914572864321,0,,6.894736842105264,6.894736842105263,0,19,0.296875,45,0,0,0.2261306532663316,729,0.0,0.8844221105527638,0.0,0
8x16xf32,snrt,198,924,920,2.976744186046512,0.0,129,384,0.6515151515151515,0.9847328244274808,131,0,0,0.6616161616161617,0,,26.200000000000003,26.2,0,5,0.25,15,0,0,0.0757575757575757,727,0.0,0.7373737373737375,0.0,0
8x16xf32,ssr1d,245,990,987,2.976744186046512,0.0,129,384,0.5265306122448979,0.9847328244274808,131,0,0,0.5346938775510204,0,,1.0,1.0,0,131,0.8972602739726028,15,0,0,0.0612244897959183,746,0.0,0.5959183673469387,0.0,0
8x16xf32,ssr2d,280,1010,1007,2.976744186046512,0.0,129,384,0.4607142857142857,0.9847328244274808,131,0,0,0.4678571428571428,0,,1.0,1.0,0,131,0.8733333333333333,19,0,0,0.0678571428571428,731,0.0,0.5357142857142857,0.0,0
8x16xf32,snitch_stream,177,911,907,2.976744186046512,0.0,129,384,0.7288135593220338,0.9847328244274808,131,0,0,0.7401129943502824,0,,26.200000000000003,26.2,0,5,0.2,20,0,0,0.1129943502824858,735,0.0,0.8531073446327683,0.0,0
8x16xf32,scf_xdsl,5480,6207,6204,2.976744186046512,1.0,129,384,0.0235401459854014,0.2514619883040935,513,256,256,0.0936131386861313,0,128.0,1.0,1.0,0,513,0.1648457583547558,2599,0,0,0.4742700729927007,728,0.0,0.5678832116788322,0.0,0
