test,params,impl,cycles,end,end_fpss,fpss_avg_fpu_latency,fpss_avg_load_latency,fpss_fpu_fmadd_issues,fpss_fpu_issues,fpss_fpu_latency,fpss_fpu_occupancy,fpss_fpu_rel_occupancy,fpss_issues,fpss_load_latency,fpss_loads,fpss_occupancy,fpss_section_latency,fpss_stores,fseq_fpu_yield,fseq_yield,section,snitch_avg_load_latency,snitch_fseq_offloads,snitch_fseq_rel_offloads,snitch_issues,snitch_load_latency,snitch_loads,snitch_occupancy,snitch_stores,start,tend,total_ipc,tstart
exp_macro,128xf32,snrt,2763,6093,6090,0.0,0,384,1287,0,0.46579804560260585,0.9801980198019802,1313,0,0,0.4752081071299312,0,0,11.222222222222223,11.222222222222221,1,4.4963855421686745,117,0.06297093649085038,1741,1866,415,0.6301121968874411,292,3331,6097,1.1053203040173725,3333
exp_macro,192xf32,snrt,3784,7754,7751,0.0,0,576,1928,0,0.5095137420718816,0.9796747967479674,1968,0,0,0.5200845665961945,0,0,11.375722543352602,11.375722543352602,1,4.514657980456026,173,0.06348623853211009,2552,2772,614,0.6744186046511628,422,3971,7758,1.1945031712473573,3973
exp_macro,64xf32,snrt,1842,4536,4529,0.0,0,192,646,0,0.3507057546145494,0.9656203288490284,669,0,0,0.36319218241042345,0,0,9.422535211267606,9.422535211267606,1,4.350467289719626,71,0.0691333982473223,956,931,214,0.5190010857763301,161,2695,4540,0.8821932681867535,2697
