test,params,impl,cycles,end,end_fpss,fpss_avg_fpu_latency,fpss_avg_load_latency,fpss_fpu_fmadd_issues,fpss_fpu_issues,fpss_fpu_latency,fpss_fpu_occupancy,fpss_fpu_rel_occupancy,fpss_issues,fpss_load_latency,fpss_loads,fpss_occupancy,fpss_section_latency,fpss_stores,fseq_fpu_yield,fseq_yield,section,snitch_avg_load_latency,snitch_fseq_offloads,snitch_fseq_rel_offloads,snitch_issues,snitch_load_latency,snitch_loads,snitch_occupancy,snitch_stores,start,tend,total_ipc,tstart
matmul,1x200x5xf64,linalg_0_xdsl,40161,41098,41095,2.9950099800399204,1.0,1000,1002,3001,0.024949577948756255,0.20011983223487118,5007,3000,3000,0.12467319040860536,0,1005,1.0,1.0,1,0,5007,0.19972874865371573,20062,0,0,0.49953935409974853,0,938,0.0,0.624212544508354,0.0
matmul,1x200x5xf64,linalg_1_xdsl,19165,20098,20095,2.985104270109235,1.0,1000,1007,3006,0.05254369945212627,0.33444038525406844,3011,1000,1000,0.15710931385337856,0,1000,1.0,1.0,1,0,3011,0.23019877675840977,10069,0,0,0.5253848160709627,0,934,0.0,0.6824941299243412,0.0
matmul,1x200x5xf64,linalg_2_xdsl,4147,5080,5077,2.985104270109235,1.0,1000,1007,3006,0.24282613937786351,0.9862879529872673,1021,5,5,0.24620207378828068,0,5,1.0,1.0,1,0,1021,0.32619808306709264,2109,0,0,0.5085604051121293,0,934,0.0,0.7547624789004099,0.0
matmul,1x200x5xf64,linalg_3_xdsl,4124,5039,5036,2.985104270109235,1.0,1000,1007,3006,0.244180407371484,0.9862879529872673,1021,5,5,0.24757516973811833,0,5,36.464285714285715,36.464285714285715,1,0,28,0.224,97,0,0,0.02352085354025218,0,916,0.0,0.2710960232783705,0.0
matmul,1x200x5xf64,linalg_4_xdsl,4130,5069,5066,2.975296442687747,0.0,1000,1012,3011,0.24503631961259079,0.9980276134122288,1014,0,0,0.24552058111380146,0,0,42.25,42.25,1,0,24,0.3,56,0,0,0.013559322033898305,0,940,0.0,0.25907990314769974,0.0
matmul,1x200x5xf64,linalg_5_xdsl,1115,2030,2027,2.980217606330366,0.0,1000,1011,3013,0.9067264573991032,0.998025666337611,1013,0,0,0.9085201793721973,0,0,53.31578947368421,53.31578947368421,1,0,19,0.37254901960784315,32,0,0,0.028699551569506727,0,916,0.0,0.9372197309417041,0.0
