params,impl,cycles,end,end_fpss,fpss_avg_fpu_latency,fpss_avg_load_latency,fpss_fpu_issues,fpss_fpu_latency,fpss_fpu_occupancy,fpss_fpu_rel_occupancy,fpss_issues,fpss_load_latency,fpss_loads,fpss_occupancy,fpss_section_latency,fpss_stores,fseq_fpu_yield,fseq_yield,snitch_avg_load_latency,snitch_fseq_offloads,snitch_fseq_rel_offloads,snitch_issues,snitch_load_latency,snitch_loads,snitch_occupancy,start,tend,total_ipc,tstart
1x1x8x8xf64,baseline,1569,2317,2314,2.9916897506925206,1.2439024390243902,361,1080,0.230082855321861,0.4712793733681462,766,459,369,0.4882090503505417,0,36,1.0,1.0,0,766,0.9575,34,0,0,0.0216698534098151,749,0.0,0.5098789037603569,0.0
1x1x8x8xf64,linalg,1491,2248,2245,2.99076923076923,1.5203252032520325,325,972,0.2179745137491616,0.4452054794520548,730,561,369,0.4896042924211938,0,36,1.0,1.0,0,730,0.954248366013072,35,0,0,0.0234741784037558,758,0.0,0.5130784708249497,0.0
1x1x8x8xf64,snitch_stream,1504,2258,2255,2.99076923076923,1.0,325,972,0.2160904255319149,0.8145363408521303,399,36,36,0.2652925531914893,0,36,2.7142857142857144,2.7142857142857144,0,147,0.4932885906040268,151,0,0,0.1003989361702127,755,0.0,0.3656914893617021,0.0
1x1x8x8xf64,snrt,1488,2233,2230,2.99076923076923,1.0,325,972,0.2184139784946236,0.8145363408521303,399,36,36,0.2681451612903225,0,36,2.7142857142857144,2.7142857142857144,0,147,0.6869158878504673,67,0,0,0.0450268817204301,746,0.0,0.3131720430107527,0.0
