params,impl,cycles,end,end_fpss,fpss_avg_fpu_latency,fpss_avg_load_latency,fpss_fpu_issues,fpss_fpu_latency,fpss_fpu_occupancy,fpss_fpu_rel_occupancy,fpss_issues,fpss_load_latency,fpss_loads,fpss_occupancy,fpss_section_latency,fseq_fpu_yield,fseq_yield,snitch_avg_load_latency,snitch_fseq_offloads,snitch_fseq_rel_offloads,snitch_issues,snitch_load_latency,snitch_loads,snitch_occupancy,start,tend,total_ipc,tstart,fpss_fpu_fmadd_issues
6x6xf64,snitch_stream,440,1224,1221,2.6797752808988764,0,178,477,0.4045454545454545,0.956989247311828,186,0,0,0.4227272727272727,0,3.0,3.0,0,62,0.25,186,0,0,0.4227272727272727,785,0.0,0.8454545454545455,0.0,144
6x10xf64,snitch_stream,629,1409,1406,2.6920903954802258,0,354,953,0.5627980922098569,0.9779005524861878,362,0,0,0.575516693163752,0,3.175438596491228,3.175438596491228,0,114,0.360759493670886,202,0,0,0.3211446740858505,781,0.0,0.8966613672496025,0.0,288
10x6xf64,snitch_stream,780,1568,1565,2.6920903954802258,0,354,953,0.4538461538461538,0.9567567567567568,370,0,0,0.4743589743589743,0,3.0327868852459017,3.0327868852459017,0,122,0.2541666666666666,358,0,0,0.4589743589743589,789,0.0,0.9333333333333332,0.0,288
10x10xf64,snitch_stream,1164,1954,1951,2.698300283286119,0,706,1905,0.6065292096219931,0.9778393351800554,722,0,0,0.6202749140893471,0,3.194690265486726,3.194690265486725,0,226,0.3668831168831168,390,0,0,0.3350515463917525,791,0.0,0.9553264604810996,0.0,576
