params,impl,cycles,end,end_fpss,fpss_avg_fpu_latency,fpss_avg_load_latency,fpss_fpu_issues,fpss_fpu_latency,fpss_fpu_occupancy,fpss_fpu_rel_occupancy,fpss_issues,fpss_load_latency,fpss_loads,fpss_occupancy,fpss_section_latency,fseq_fpu_yield,fseq_yield,snitch_avg_load_latency,snitch_fseq_offloads,snitch_fseq_rel_offloads,snitch_issues,snitch_load_latency,snitch_loads,snitch_occupancy,start,tend,total_ipc,tstart,fpss_fpu_fmadd_issues
6x6xf64,snitch_stream,332,1116,1113,2.6797752808988764,0,178,477,0.536144578313253,0.9726775956284152,183,0,0,0.5512048192771084,0,3.101694915254237,3.101694915254237,0,59,0.4041095890410959,87,0,0,0.2620481927710843,785,0.0,0.8132530120481927,0.0,144
6x10xf64,snitch_stream,515,1295,1292,2.6920903954802258,0,354,953,0.6873786407766991,0.9860724233983288,359,0,0,0.6970873786407767,0,3.234234234234234,3.234234234234234,0,111,0.5336538461538461,97,0,0,0.1883495145631068,781,0.0,0.8854368932038835,0.0,288
10x6xf64,snitch_stream,528,1316,1313,2.6920903954802258,0,354,953,0.6704545454545454,0.975206611570248,363,0,0,0.6875,0,3.1565217391304348,3.1565217391304348,0,115,0.4752066115702479,127,0,0,0.240530303030303,789,0.0,0.928030303030303,0.0,288
10x10xf64,snitch_stream,898,1688,1685,2.698300283286119,0,706,1905,0.7861915367483296,0.9874125874125874,715,0,0,0.7962138084632516,0,3.264840182648402,3.2648401826484017,0,219,0.6016483516483516,145,0,0,0.1614699331848552,791,0.0,0.9576837416481068,0.0,576
