params,impl,tstart,start,snitch_issues,snitch_fseq_offloads,end_fpss,fpss_issues,fpss_loads,fpss_load_latency,fpss_fpu_issues,fpss_fpu_latency,fpss_stores,tend,end,snitch_load_latency,snitch_loads,snitch_avg_load_latency,snitch_occupancy,snitch_fseq_rel_offloads,fseq_yield,fseq_fpu_yield,fpss_section_latency,fpss_avg_fpu_latency,fpss_avg_load_latency,fpss_occupancy,fpss_fpu_occupancy,fpss_fpu_rel_occupancy,cycles,total_ipc
1x1x8x8xf64,baseline,0.0,761,33,765,2319,765,369,459,354,1080,36,0.0,2297,0,0,0,0.0211674150096215,0.9586466165413534,1.0,1.0,22,3.0508474576271185,1.2439024390243902,0.490699166132136,0.2270686337395766,0.4627450980392157,1559,0.5118665811417575
1x1x8x8xf64,linalg,0.0,754,34,729,2242,729,369,561,319,972,36,0.0,2221,0,0,0,0.0228341168569509,0.9554390563564876,1.0,1.0,21,3.047021943573668,1.5203252032520325,0.4895903290799194,0.2142377434519811,0.4375857338820302,1489,0.5124244459368704
1x1x8x8xf64,snitch_stream,0.0,743,150,146,2245,398,36,36,274,972,36,0.0,2029,0,0,0,0.0998003992015968,0.4932432432432432,2.7260273972602738,2.7260273972602738,216,3.5474452554744524,1.0,0.2648037258815702,0.1823020625415835,0.6884422110552764,1503,0.364604125083167
1x1x8x8xf64,snrt,0.0,756,66,146,2241,398,36,36,272,972,36,0.0,2018,0,0,0,0.044414535666218,0.6886792452830188,2.7260273972602738,2.7260273972602738,223,3.573529411764706,1.0,0.2678331090174966,0.1830417227456258,0.6834170854271356,1486,0.3122476446837147
