params,impl,cycles,end,end_fpss,fpss_avg_fpu_latency,fpss_avg_load_latency,fpss_fpu_issues,fpss_fpu_latency,fpss_fpu_occupancy,fpss_fpu_rel_occupancy,fpss_issues,fpss_load_latency,fpss_loads,fpss_occupancy,fpss_section_latency,fpss_stores,fseq_fpu_yield,fseq_yield,snitch_avg_load_latency,snitch_fseq_offloads,snitch_fseq_rel_offloads,snitch_issues,snitch_load_latency,snitch_loads,snitch_occupancy,start,tend,total_ipc,tstart,fpss_fpu_fmadd_issues,snitch_stores
1x1x8x8xf64,baseline,1466,2221,2218,2.99076923076923,1.2882882882882882,325,972,0.2216916780354706,0.4682997118155619,694,429,333,0.4733969986357435,0,36.0,1.0,1.0,0.0,694,0.9532967032967034,34,0,0,0.0231923601637107,756,0.0,0.4965893587994543,0.0,288,
1x1x8x8xf64,linalg,1732,2482,2479,2.99076923076923,1.5203252032520325,325,972,0.1876443418013856,0.4452054794520548,730,561,369,0.4214780600461894,0,36.0,1.0,1.0,3.0,730,0.7841031149301826,201,15,5,0.1160508083140877,751,0.0,0.5375288683602771,0.0,324,89.0
1x1x8x8xf64,snitch_stream,1526,2280,2277,2.6256281407035176,0.0,398,1045,0.2608125819134993,0.995,400,0,0,0.2621231979030144,0,,2.702702702702702,2.702702702702702,0.0,148,0.5522388059701493,120,0,0,0.0786369593709043,755,0.0,0.3407601572739187,0.0,324,
1x1x8x8xf64,snrt,1501,2248,2245,2.6256281407035176,0.0,398,1045,0.2651565622918054,0.995,400,0,0,0.2664890073284477,0,,2.702702702702702,2.702702702702702,0.0,148,0.6757990867579908,71,0,0,0.0473017988007994,748,0.0,0.3137908061292472,0.0,324,
