params,impl,cycles,end,end_fpss,fpss_avg_fpu_latency,fpss_avg_load_latency,fpss_fpu_issues,fpss_fpu_latency,fpss_fpu_occupancy,fpss_fpu_rel_occupancy,fpss_issues,fpss_load_latency,fpss_loads,fpss_occupancy,fpss_section_latency,fseq_fpu_yield,fseq_yield,snitch_avg_load_latency,snitch_fseq_offloads,snitch_fseq_rel_offloads,snitch_issues,snitch_load_latency,snitch_loads,snitch_occupancy,start,tend,total_ipc,tstart,fpss_fpu_fmadd_issues
16x16xf64,snitch_stream,3140,3974,3971,2.702980837473385,0,2818,7617,0.8974522292993631,0.9940035273368608,2835,0,0,0.9028662420382164,0,3.331374853113984,3.331374853113984,0,851,0.736159169550173,305,0,0,0.0971337579617834,835,0.0,1.0,0.0,2304
4x16xf64,snitch_stream,887,1683,1680,2.698300283286119,0,706,1905,0.7959413754227734,0.9929676511954992,711,0,0,0.8015783540022547,0,3.3069767441860467,3.3069767441860467,0,215,0.6554878048780488,113,0,0,0.1273957158962796,797,0.0,0.9289740698985344,0.0,576
8x16xf64,snitch_stream,1640,2453,2450,2.701418439716312,0,1410,3809,0.8597560975609756,0.9936575052854124,1419,0,0,0.8652439024390244,0,3.323185011709602,3.323185011709602,0,427,0.706953642384106,177,0,0,0.1079268292682926,814,0.0,0.973170731707317,0.0,1152
12x16xf64,snitch_stream,2386,3216,3213,2.7024597918637654,0,2114,5713,0.8860016764459346,0.9938881053126468,2127,0,0,0.8914501257334451,0,3.328638497652582,3.328638497652582,0,639,0.7261363636363637,241,0,0,0.1010058675607711,831,0.0,0.9924559932942162,0.0,1728
16x4xf64,snitch_stream,926,1725,1722,2.698300283286119,0,706,1905,0.7624190064794817,0.9764868603042876,723,0,0,0.7807775377969762,0,3.185022026431718,3.185022026431718,0,227,0.5230414746543779,207,0,0,0.2235421166306695,800,0.0,1.0043196544276458,0.0,576
16x8xf64,snitch_stream,1664,2477,2474,2.701418439716312,0,1410,3809,0.8473557692307693,0.9880868955851436,1427,0,0,0.8575721153846154,0,3.2804597701149425,3.2804597701149425,0,435,0.643491124260355,241,0,0,0.1448317307692307,814,0.0,1.0024038461538465,0.0,1152
16x12xf64,snitch_stream,2397,3227,3224,2.7024597918637654,0,2114,5713,0.8819357530246141,0.992022524636321,2131,0,0,0.8890279516061744,0,3.3141524105754274,3.314152410575428,0,643,0.7019650655021834,273,0,0,0.113892365456821,831,0.0,1.0029203170629954,0.0,1728
