params,impl,cycles,end,end_fpss,fpss_avg_fpu_latency,fpss_avg_load_latency,fpss_fpu_issues,fpss_fpu_latency,fpss_fpu_occupancy,fpss_fpu_rel_occupancy,fpss_issues,fpss_load_latency,fpss_loads,fpss_occupancy,fpss_section_latency,fpss_stores,fseq_fpu_yield,fseq_yield,snitch_avg_load_latency,snitch_fseq_offloads,snitch_fseq_rel_offloads,snitch_issues,snitch_load_latency,snitch_loads,snitch_occupancy,start,tend,total_ipc,tstart,fpss_fpu_fmadd_issues,snitch_stores
1x1x8x8xf64,baseline,1456,2246,2243,2.99076923076923,1.2882882882882882,325,972,0.2232142857142857,0.4682997118155619,694,429,333,0.4766483516483517,0,36.0,1.0,1.0,0.0,694,0.9532967032967034,34,0,0,0.0233516483516483,791,0.0,0.5,0.0,288,
1x1x8x8xf64,linalg,1732,2490,2487,2.99076923076923,1.5203252032520325,325,972,0.1876443418013856,0.4452054794520548,730,561,369,0.4214780600461894,0,36.0,1.0,1.0,3.0,730,0.7841031149301826,201,15,5,0.1160508083140877,759,0.0,0.5375288683602771,0.0,324,89.0
1x1x8x8xf64,snitch_stream,527,1285,1282,2.670854271356784,0.0,398,1063,0.7552182163187856,0.995,400,0,0,0.7590132827324478,0,,3.389830508474576,3.389830508474576,0.0,118,0.6519337016574586,63,0,0,0.1195445920303605,759,0.0,0.8785578747628083,0.0,324,
1x1x8x8xf64,snrt,1493,2274,2271,2.6256281407035176,0.0,398,1045,0.2665773610180844,0.995,400,0,0,0.2679169457468185,0,,2.702702702702702,2.702702702702702,0.0,148,0.6757990867579908,71,0,0,0.0475552578700602,782,0.0,0.3154722036168788,0.0,324,
