params,tests,tstart,start,snitch_issues,snitch_fseq_offloads,end_fpss,fpss_issues,fpss_loads,fpss_load_latency,fpss_fpu_issues,fpss_fpu_latency,fpss_stores,tend,end,snitch_load_latency,snitch_loads,snitch_avg_load_latency,snitch_occupancy,snitch_fseq_rel_offloads,fseq_yield,fseq_fpu_yield,fpss_section_latency,fpss_avg_fpu_latency,fpss_avg_load_latency,fpss_occupancy,fpss_fpu_occupancy,fpss_fpu_rel_occupancy,cycles,total_ipc
128xf64,baseline,0.0,752,520,386,1672,386,257,257,128,384,1,0.0,1680,0,0,0,0.5597416576964478,0.4260485651214128,1.0,1.0,0,3.0,1.0,0.4155005382131324,0.1377825618945102,0.3316062176165803,929,0.9752421959095802
128xf64,linalg,0.0,758,521,386,1685,386,257,257,128,384,1,0.0,1694,0,0,0,0.5560298826040555,0.4255788313120176,1.0,1.0,0,3.0,1.0,0.4119530416221985,0.1366061899679829,0.3316062176165803,937,0.967982924226254
128xf64,snitch_stream,0.0,762,16,6,1331,132,1,1,0,384,1,0.0,819,0,0,0,0.0280701754385964,0.2727272727272727,22.0,0.0,512,0.0,1.0,0.231578947368421,0.0,0.0,570,0.2596491228070175
128xf64,snrt,0.0,758,12,6,1307,132,1,1,2,384,1,0.0,804,0,0,0,0.0218181818181818,0.3333333333333333,22.0,22.0,503,192.0,1.0,0.24,0.0036363636363636,0.0151515151515151,550,0.2618181818181818
128xf64,scf_xdsl,0.0,757,524,386,1717,386,257,257,127,384,1,0.0,1715,0,0,0,0.5452653485952134,0.4241758241758241,1.0,1.0,2,3.0236220472440944,1.0,0.4016649323621228,0.1321540062434963,0.3290155440414508,961,0.946930280957336
128xf64,scf,0.0,758,521,386,1685,386,257,257,128,384,1,0.0,1694,0,0,0,0.5560298826040555,0.4255788313120176,1.0,1.0,0,3.0,1.0,0.4119530416221985,0.1366061899679829,0.3316062176165803,937,0.967982924226254
