params,impl,cycles,end,end_fpss,fpss_avg_fpu_latency,fpss_avg_load_latency,fpss_fpu_issues,fpss_fpu_latency,fpss_fpu_occupancy,fpss_fpu_rel_occupancy,fpss_issues,fpss_load_latency,fpss_loads,fpss_occupancy,fpss_section_latency,fpss_stores,fseq_fpu_yield,fseq_yield,snitch_avg_load_latency,snitch_fseq_offloads,snitch_fseq_rel_offloads,snitch_issues,snitch_load_latency,snitch_loads,snitch_occupancy,start,tend,total_ipc,tstart
128xf64,baseline,964,1720,1717,2.976744186046512,1.0,129,384,0.1338174273858921,0.3333333333333333,387,257,257,0.4014522821576763,0,1,1.0,1.0,0,387,0.4262114537444934,521,0,0,0.5404564315352697,757,0.0,0.941908713692946,0.0
128xf64,linalg,956,1714,1711,2.976744186046512,1.0,129,384,0.1349372384937238,0.3333333333333333,387,257,257,0.4048117154811715,0,1,1.0,1.0,0,387,0.4257425742574257,522,0,0,0.5460251046025104,759,0.0,0.950836820083682,0.0
128xf64,snitch_stream,560,1331,1328,2.976744186046512,1.0,129,384,0.2303571428571428,0.9699248120300752,133,1,1,0.2375,0,1,19.0,19.0,0,7,0.2916666666666667,17,0,0,0.0303571428571428,772,0.0,0.2678571428571428,0.0
128xf64,snrt,568,1326,1323,2.976744186046512,1.0,129,384,0.227112676056338,0.9699248120300752,133,1,1,0.2341549295774647,0,1,19.0,19.0,0,7,0.35,13,0,0,0.0228873239436619,759,0.0,0.2570422535211267,0.0
128xf64,scf_xdsl,941,1703,1700,2.976744186046512,1.0,129,384,0.1370882040382571,0.3333333333333333,387,257,257,0.4112646121147715,0,1,1.0,1.0,0,387,0.4243421052631579,525,0,0,0.5579171094580234,763,0.0,0.9691817215727948,0.0
128xf64,scf,956,1714,1711,2.976744186046512,1.0,129,384,0.1349372384937238,0.3333333333333333,387,257,257,0.4048117154811715,0,1,1.0,1.0,0,387,0.4257425742574257,522,0,0,0.5460251046025104,759,0.0,0.950836820083682,0.0
