params,impl,cycles,end,end_fpss,fpss_avg_fpu_latency,fpss_avg_load_latency,fpss_fpu_issues,fpss_fpu_latency,fpss_fpu_occupancy,fpss_fpu_rel_occupancy,fpss_issues,fpss_load_latency,fpss_loads,fpss_occupancy,fpss_section_latency,fpss_stores,fseq_fpu_yield,fseq_yield,snitch_avg_load_latency,snitch_fseq_offloads,snitch_fseq_rel_offloads,snitch_issues,snitch_load_latency,snitch_loads,snitch_occupancy,start,tend,total_ipc,tstart
128xf64,baseline,929,1680,1672,3.0,1.0,128,384,0.1377825618945102,0.3316062176165803,386,257,257,0.4155005382131324,0,1,1.0,1.0,0,386,0.4260485651214128,520,0,0,0.5597416576964478,752,0.0,0.9752421959095802,0.0
128xf64,linalg,937,1694,1685,3.0,1.0,128,384,0.1366061899679829,0.3316062176165803,386,257,257,0.4119530416221985,0,1,1.0,1.0,0,386,0.4255788313120176,521,0,0,0.5560298826040555,758,0.0,0.967982924226254,0.0
128xf64,snitch_stream,570,819,1331,0.0,1.0,0,384,0.0,0.0,132,1,1,0.231578947368421,512,1,0.0,22.0,0,6,0.2727272727272727,16,0,0,0.0280701754385964,762,0.0,0.2596491228070175,0.0
128xf64,snrt,550,804,1307,192.0,1.0,2,384,0.0036363636363636,0.0151515151515151,132,1,1,0.24,503,1,22.0,22.0,0,6,0.3333333333333333,12,0,0,0.0218181818181818,758,0.0,0.2618181818181818,0.0
128xf64,scf_xdsl,961,1715,1717,3.0236220472440944,1.0,127,384,0.1321540062434963,0.3290155440414508,386,257,257,0.4016649323621228,2,1,1.0,1.0,0,386,0.4241758241758241,524,0,0,0.5452653485952134,757,0.0,0.946930280957336,0.0
128xf64,scf,937,1694,1685,3.0,1.0,128,384,0.1366061899679829,0.3316062176165803,386,257,257,0.4119530416221985,0,1,1.0,1.0,0,386,0.4255788313120176,521,0,0,0.5560298826040555,758,0.0,0.967982924226254,0.0
