params,impl,cycles,end,end_fpss,fpss_avg_fpu_latency,fpss_avg_load_latency,fpss_fpu_issues,fpss_fpu_latency,fpss_fpu_occupancy,fpss_fpu_rel_occupancy,fpss_issues,fpss_load_latency,fpss_loads,fpss_occupancy,fpss_section_latency,fpss_stores,fseq_fpu_yield,fseq_yield,snitch_avg_load_latency,snitch_fseq_offloads,snitch_fseq_rel_offloads,snitch_issues,snitch_load_latency,snitch_loads,snitch_occupancy,start,tend,total_ipc,tstart
128xf64,baseline,949,1703,1700,2.976744186046512,1.0,129,384,0.1359325605900948,0.3333333333333333,387,257,257,0.4077976817702845,0,1,1.0,1.0,0,387,0.4262114537444934,521,0,0,0.5489989462592202,755,0.0,0.9567966280295048,0.0
128xf64,linalg,949,1702,1699,2.976744186046512,1.0,129,384,0.1359325605900948,0.3333333333333333,387,257,257,0.4077976817702845,0,1,1.0,1.0,0,387,0.4257425742574257,522,0,0,0.5500526870389885,754,0.0,0.957850368809273,0.0
128xf64,snitch_stream,568,1314,1311,2.976744186046512,1.0,129,384,0.227112676056338,0.9699248120300752,133,1,1,0.2341549295774647,0,1,19.0,19.0,0,7,0.2916666666666667,17,0,0,0.0299295774647887,747,0.0,0.2640845070422535,0.0
128xf64,snrt,561,1314,1311,2.976744186046512,1.0,129,384,0.2299465240641711,0.9699248120300752,133,1,1,0.2370766488413547,0,1,19.0,19.0,0,7,0.35,13,0,0,0.0231729055258467,754,0.0,0.2602495543672014,0.0
128xf64,scf_xdsl,958,1730,1727,2.976744186046512,1.0,129,384,0.1346555323590814,0.3333333333333333,387,257,257,0.4039665970772442,0,1,1.0,1.0,0,387,0.4243421052631579,525,0,0,0.5480167014613778,773,0.0,0.951983298538622,0.0
128xf64,scf,949,1702,1699,2.976744186046512,1.0,129,384,0.1359325605900948,0.3333333333333333,387,257,257,0.4077976817702845,0,1,1.0,1.0,0,387,0.4257425742574257,522,0,0,0.5500526870389885,754,0.0,0.957850368809273,0.0
